RecallValidate|回収直前の状態確認に失敗しました|Could not validate the item before retrieval.|Der Gegenstand konnte vor der Rücknahme nicht geprüft werden.|Impossible de vérifier l’objet avant le retrait.|회수 직전 아이템 상태를 확인하지 못했습니다.|无法确认取回前的物品状态。|無法確認取回前的物品狀態。
SellListMismatch|販売リストの対応を確認できません|Could not match the market listing window.|Die Zuordnung der Verkaufsliste konnte nicht geprüft werden.|Impossible d’identifier la fenêtre des ventes.|판매 목록 창의 연결을 확인하지 못했습니다.|无法确认出售列表窗口。|無法確認出售清單視窗。
RowMissing|出品スロットに対応する販売行がありません|No sale row matches this listing slot.|Keine Verkaufszeile passt zu diesem Angebotsplatz.|Aucune ligne de vente ne correspond à cet emplacement.|출품 슬롯에 해당하는 판매 항목이 없습니다.|没有与该出售槽位对应的条目。|沒有與該出售欄位對應的項目。
RecallTargetChanged|取り下げメニューの対象が変わりました|The retrieval menu target changed.|Das Ziel des Rücknahmemenüs hat sich geändert.|La cible du menu de retrait a changé.|회수 메뉴의 대상이 변경되었습니다.|取回菜单的目标已更改。|取回選單的目標已變更。
RecallOwnerChanged|取り下げメニューの所有画面が一致しません|The retrieval menu belongs to a different window.|Das Rücknahmemenü gehört zu einem anderen Fenster.|Le menu de retrait appartient à une autre fenêtre.|회수 메뉴의 소유 창이 일치하지 않습니다.|取回菜单所属窗口不匹配。|取回選單所屬視窗不符。
NoSpace|移動先の空きがありません|No space at the destination.|Am Ziel ist kein Platz frei.|Il n’y a pas de place à destination.|이동할 곳에 빈칸이 없습니다.|目标容器没有空位。|目標容器沒有空位。
SourceChanged|出品対象のスロットが変わりました|The source item slot changed.|Der Quellplatz des Gegenstands hat sich geändert.|L’emplacement de l’objet à vendre a changé.|출품 대상 슬롯이 변경되었습니다.|待出售物品的槽位已更改。|待出售物品的欄位已變更。
OwnerClosed|元の所持品画面が閉じられました|The source inventory window closed.|Das ursprüngliche Inventarfenster wurde geschlossen.|La fenêtre d’inventaire d’origine a été fermée.|원래 소지품 창이 닫혔습니다.|原物品栏窗口已关闭。|原物品欄視窗已關閉。
OtherMenu|別のメニューが開かれています|Another menu is open.|Ein anderes Menü ist geöffnet.|Un autre menu est ouvert.|다른 메뉴가 열려 있습니다.|另一个菜单已打开。|另一個選單已開啟。
WrongItemMenu|別のアイテムのメニューが開かれました|A different item’s menu opened.|Das Menü eines anderen Gegenstands wurde geöffnet.|Le menu d’un autre objet s’est ouvert.|다른 아이템의 메뉴가 열렸습니다.|打开了其他物品的菜单。|開啟了其他物品的選單。
SaleDialogMismatch|出品画面と対象アイテムの対応を確認できません|Could not match the sale dialog to the item.|Verkaufsfenster und Gegenstand konnten nicht zugeordnet werden.|Impossible d’associer la fenêtre de vente à l’objet.|출품 창과 대상 아이템의 일치를 확인하지 못했습니다.|无法确认出售窗口与目标物品的对应关系。|無法確認出售視窗與目標物品的對應關係。
InputRange|出品入力の範囲が不正です|Sale inputs are outside the allowed range.|Die Verkaufseingaben liegen außerhalb des zulässigen Bereichs.|Les valeurs de vente sont hors limites.|출품 입력값이 허용 범위를 벗어났습니다.|出售输入值超出允许范围。|出售輸入值超出允許範圍。
ConfirmMismatch|出品確定直前の価格・数量が一致しません|Price or quantity changed before confirmation.|Preis oder Menge wurden vor der Bestätigung geändert.|Le prix ou la quantité a changé avant la confirmation.|출품 확정 직전 가격 또는 수량이 변경되었습니다.|确认出售前价格或数量已更改。|確認出售前價格或數量已變更。
ButtonValues|出品ボタンが無効か、表示値と確定値が一致しません|The sale button is disabled or the displayed and final values differ.|Die Verkaufsschaltfläche ist deaktiviert oder Anzeige und Endwerte unterscheiden sich.|Le bouton de vente est désactivé ou les valeurs affichées et finales diffèrent.|출품 버튼이 비활성화되었거나 표시값과 확정값이 다릅니다.|出售按钮不可用，或显示值与最终值不一致。|出售按鈕無法使用，或顯示值與最終值不一致。
AgentValues|ゲーム内部の確定価格・数量が一致しません|The game’s final price or quantity does not match.|Der endgültige Preis oder die Menge im Spiel stimmt nicht überein.|Le prix ou la quantité finale du jeu ne correspond pas.|게임 내부의 확정 가격 또는 수량이 일치하지 않습니다.|游戏内最终价格或数量不匹配。|遊戲內最終價格或數量不符。
UnknownQuantity|未取得|Not read yet|Noch nicht gelesen|Pas encore lu|아직 읽지 않음|尚未读取|尚未讀取
ContextUnavailable|所持品メニューの関数を確認できません|The inventory menu function is unavailable.|Die Inventarmenüfunktion ist nicht verfügbar.|La fonction du menu d’inventaire est indisponible.|소지품 메뉴 함수를 확인하지 못했습니다.|物品菜单功能不可用。|物品選單功能無法使用。
ShortcutInit|連続出品ショートカットを初期化できません。ログを確認してください|Could not initialize the listing shortcut. Check the log.|Das Verkaufskürzel konnte nicht initialisiert werden. Bitte das Protokoll prüfen.|Impossible d’initialiser le raccourci de vente. Consultez le journal.|연속 출품 단축키를 초기화하지 못했습니다. 로그를 확인해 주세요.|无法初始化连续出售快捷键。请查看日志。|無法初始化連續出售快捷鍵。請查看記錄。
LoggedOut|ログアウトしました|Logged out.|Abgemeldet.|Déconnexion effectuée.|로그아웃했습니다.|已登出。|已登出。
ListingClosed|販売リストが閉じたため連続出品を停止しました|Batch listing stopped because the sale list closed.|Serienverkauf gestoppt, da die Verkaufsliste geschlossen wurde.|Vente en série arrêtée : la liste des ventes a été fermée.|판매 목록이 닫혀 연속 출품을 중지했습니다.|出售列表已关闭，连续出售已停止。|出售清單已關閉，連續出售已停止。
SourceUnavailable|出品対象を確認できません。販売リストと所持品を開き、アーマリーチェストも一度開いてから再実行してください|Could not read the source item. Open the sale list and inventory, open the Armoury Chest once, then try again.|Der Gegenstand konnte nicht gelesen werden. Verkaufsliste, Inventar und einmal den Arsenal-Schrank öffnen, dann erneut versuchen.|Impossible de lire l’objet. Ouvrez la liste des ventes, l’inventaire et une fois l’arsenal, puis réessayez.|출품 대상을 확인하지 못했습니다. 판매 목록과 소지품을 열고 장비함도 한 번 연 뒤 다시 시도해 주세요.|无法读取目标物品。请打开出售列表和物品栏，并打开一次兵装库后重试。|無法讀取目標物品。請開啟出售清單及物品欄，並開啟一次兵裝庫後重試。
NoPrice|このアイテムはログイン後の出品履歴がありません。先に通常の操作で価格を確定して出品してください|No listing price is remembered for this item in this session. List it manually once first.|Für diesen Gegenstand ist in dieser Sitzung kein Preis gespeichert. Bitte zuerst einmal manuell anbieten.|Aucun prix n’est mémorisé pour cet objet dans cette session. Mettez-le d’abord en vente manuellement.|현재 로그인 세션에 이 아이템의 출품 가격 기록이 없습니다. 먼저 일반 조작으로 한 번 출품해 주세요.|本次登录尚未记录此物品的出售价格。请先手动出售一次。|本次登入尚未記錄此物品的出售價格。請先手動出售一次。
ShortcutTarget|ショートカットの対象を確認できません|Could not identify the shortcut target.|Das Ziel des Tastenkürzels konnte nicht ermittelt werden.|Impossible d’identifier la cible du raccourci.|단축키 대상을 확인하지 못했습니다.|无法确认快捷键的目标。|無法確認快捷鍵的目標。
LocalQuantity|本プラグインの数量設定|This plugin’s quantity setting|Mengeneinstellung dieses Plugins|Quantité définie dans ce plugin|이 플러그인의 수량 설정|本插件的数量设置|本外掛的數量設定
MarketQuantity|Marketbuddy: {0}個（制限オフ時は99個）|Marketbuddy: {0} items (99 when the limit is off)|Marketbuddy: {0} Stück (99 ohne Begrenzung)|Marketbuddy : {0} objets (99 sans limite)|Marketbuddy: {0}개 (제한 해제 시 99개)|Marketbuddy：{0}个（关闭限制时为99个）|Marketbuddy：{0}個（關閉限制時為99個）
MarketLock|Marketbuddyの価格操作を一時停止できません|Could not pause Marketbuddy’s price automation.|Die Preisautomatik von Marketbuddy konnte nicht pausiert werden.|Impossible de suspendre les changements de prix de Marketbuddy.|Marketbuddy의 자동 가격 조작을 일시 중지하지 못했습니다.|无法暂停Marketbuddy的自动价格操作。|無法暫停Marketbuddy的自動價格操作。
RecallBusy|回収が実行中です|Retrieval is in progress.|Die Rücknahme läuft bereits.|Un retrait est en cours.|회수가 진행 중입니다.|正在取回物品。|正在取回物品。
ShortcutConflict|他プラグインのショートカットと競合しました。別のキーを設定してください|Another plugin’s shortcut conflicted. Choose a different key.|Konflikt mit dem Kürzel eines anderen Plugins. Bitte eine andere Taste wählen.|Conflit avec le raccourci d’un autre plugin. Choisissez une autre touche.|다른 플러그인의 단축키와 충돌했습니다. 다른 키를 설정해 주세요.|与其他插件的快捷键冲突。请设置其他按键。|與其他外掛的快捷鍵衝突。請設定其他按鍵。
RequestChanged|対象アイテム・リテイナー・保存価格が変わりました|The item, retainer or remembered price changed.|Gegenstand, Gehilfe oder gespeicherter Preis haben sich geändert.|L’objet, le servant ou le prix mémorisé a changé.|대상 아이템, 집사 또는 저장된 가격이 변경되었습니다.|目标物品、雇员或保存的价格已更改。|目標物品、雇員或儲存的價格已變更。
ListingStopped|連続出品を停止しました|Batch listing stopped.|Serienverkauf gestoppt.|Vente en série arrêtée.|연속 출품을 중지했습니다.|连续出售已停止。|連續出售已停止。
MarketRange|Marketbuddyの数量が範囲外です|Marketbuddy’s quantity is out of range.|Die Menge von Marketbuddy liegt außerhalb des gültigen Bereichs.|La quantité de Marketbuddy est hors limites.|Marketbuddy의 수량이 허용 범위를 벗어났습니다.|Marketbuddy的数量超出范围。|Marketbuddy的數量超出範圍。
ListingIdle|連続出品: 待機中|Batch listing: idle|Serienverkauf: bereit|Vente en série : en attente|연속 출품: 대기 중|连续出售：待命|連續出售：待命
ListingPending|前回の出品結果を待機中です|Waiting for the previous listing result.|Warte auf das Ergebnis des letzten Angebots.|En attente du résultat de la vente précédente.|이전 출품 결과를 기다리는 중입니다.|正在等待上一次出售结果。|正在等待上一次出售結果。
OpenSaleList|販売リストを開き、他の操作を終了してください|Open the sale list and finish other actions first.|Bitte die Verkaufsliste öffnen und andere Aktionen zuerst beenden.|Ouvrez la liste des ventes et terminez les autres actions.|판매 목록을 열고 다른 조작을 먼저 끝내 주세요.|请打开出售列表，并先结束其他操作。|請開啟出售清單，並先結束其他操作。
InvalidPriceQuantity|価格または数量の設定が不正です|The price or quantity setting is invalid.|Die Preis- oder Mengeneinstellung ist ungültig.|Le prix ou la quantité défini est invalide.|가격 또는 수량 설정이 올바르지 않습니다.|价格或数量设置无效。|價格或數量設定無效。
ListingStart|連続出品: 単価{0:N0}ギル / 上限{1}個|Batch listing: {0:N0} gil each / up to {1} items|Serienverkauf: {0:N0} Gil pro Stück / bis zu {1} Stück|Vente en série : {0:N0} gils par unité / maximum {1} objets|연속 출품: 단가 {0:N0}길 / 최대 {1}개|连续出售：单价{0:N0}金币 / 最多{1}个|連續出售：單價{0:N0}金幣 / 最多{1}個
ListingSessionChanged|画面・キャラクター・リテイナーが変わったため出品を停止しました|Listing stopped: window, character or retainer changed.|Verkauf gestoppt: Fenster, Charakter oder Gehilfe gewechselt.|Vente arrêtée : changement de fenêtre, personnage ou servant.|창, 캐릭터 또는 집사가 바뀌어 출품을 중지했습니다.|窗口、角色或雇员已更改，出售已停止。|視窗、角色或雇員已變更，出售已停止。
ListingInterference|別の画面操作を検出したため出品を停止しました|Listing stopped because another UI action was detected.|Verkauf wegen einer anderen Bedienaktion gestoppt.|Vente arrêtée : une autre action a été détectée.|다른 화면 조작을 감지하여 출품을 중지했습니다.|检测到其他界面操作，出售已停止。|偵測到其他介面操作，出售已停止。
ListingProgress|{0}件出品済み / 単価{1:N0}ギル|{0} listings posted / {1:N0} gil each|{0} Angebote erstellt / {1:N0} Gil pro Stück|{0} ventes enregistrées / {1:N0} gils par unité|{0}건 출품 완료 / 단가 {1:N0}길|已出售{0}笔 / 单价{1:N0}金币|已出售{0}筆 / 單價{1:N0}金幣
UnexpectedStock|想定外の出品・所持品変更を検出したため停止しました|Stopped after an unexpected listing or inventory change.|Wegen einer unerwarteten Änderung an Angeboten oder Inventar gestoppt.|Arrêt après une modification inattendue des ventes ou de l’inventaire.|예상하지 못한 출품 또는 소지품 변경을 감지하여 중지했습니다.|检测到非预期的出售或物品栏变化，已停止。|偵測到非預期的出售或物品欄變化，已停止。
ListingTimeout|出品結果を確認できず停止しました。再送はしません|Stopped: listing result was not confirmed. No retry will be sent.|Gestoppt: Verkaufsergebnis nicht bestätigt. Keine erneute Übertragung.|Arrêt : résultat de la vente non confirmé. Aucun nouvel envoi.|출품 결과를 확인하지 못해 중지했습니다. 다시 전송하지 않습니다.|无法确认出售结果，已停止。不会重发。|無法確認出售結果，已停止。不會重送。
StockChanged|出品・所持品が変更されたため停止しました|Stopped because listings or inventory changed.|Wegen geänderter Angebote oder Inventarinhalte gestoppt.|Arrêt : les ventes ou l’inventaire ont changé.|출품 또는 소지품이 변경되어 중지했습니다.|出售列表或物品栏已更改，已停止。|出售清單或物品欄已變更，已停止。
DialogTimeout|出品画面の操作がタイムアウトしました|Sale dialog operation timed out.|Zeitüberschreitung im Verkaufsfenster.|Délai dépassé dans la fenêtre de vente.|출품 창 조작 시간이 초과되었습니다.|出售窗口操作超时。|出售視窗操作逾時。
SlotsFull|出品枠が埋まりました（{0}件出品）|All sale slots are full ({0} listings posted).|Alle Verkaufsplätze sind belegt ({0} Angebote erstellt).|Tous les emplacements sont occupés ({0} ventes enregistrées).|출품 슬롯이 가득 찼습니다 ({0}건 출품).|出售栏已满（已出售{0}笔）。|出售欄已滿（已出售{0}筆）。
ListingDone|対象アイテムの出品が完了しました（{0}件）|Finished listing this item ({0} listings).|Verkauf dieses Gegenstands abgeschlossen ({0} Angebote).|Mise en vente terminée pour cet objet ({0} ventes).|대상 아이템의 출품을 완료했습니다 ({0}건).|目标物品出售完成（{0}笔）。|目標物品出售完成（{0}筆）。
GameLimit|ゲームの出品可能範囲を超えるため停止しました|Stopped: inputs exceed the game’s sale limits.|Gestoppt: Eingaben überschreiten die Verkaufsgrenzen des Spiels.|Arrêt : les valeurs dépassent les limites de vente du jeu.|게임의 출품 허용 범위를 초과하여 중지했습니다.|超出游戏允许的出售范围，已停止。|超出遊戲允許的出售範圍，已停止。
VerifyFailed|出品価格・数量の一致を確認できないため停止しました|Stopped: sale price and quantity could not be verified.|Gestoppt: Verkaufspreis und Menge konnten nicht geprüft werden.|Arrêt : impossible de vérifier le prix et la quantité.|출품 가격과 수량의 일치를 확인하지 못해 중지했습니다.|无法确认出售价格与数量一致，已停止。|無法確認出售價格與數量一致，已停止。
MenuInvalid|メニュー構造を確認できません|Could not validate the menu structure.|Die Menüstruktur konnte nicht geprüft werden.|Impossible de vérifier la structure du menu.|메뉴 구조를 확인하지 못했습니다.|无法确认菜单结构。|無法確認選單結構。
MenuDisabled|「{0}」が無効です|“{0}” is disabled.|„{0}“ ist deaktiviert.|« {0} » est désactivé.|'{0}' 항목이 비활성화되어 있습니다.|“{0}”不可用。|「{0}」無法使用。
MenuMissing|通常メニューに「{0}」がありません|“{0}” is not in the normal menu.|„{0}“ fehlt im normalen Menü.|« {0} » ne figure pas dans le menu normal.|일반 메뉴에 '{0}' 항목이 없습니다.|普通菜单中没有“{0}”。|一般選單中沒有「{0}」。
ButtonDisabled|出品ボタンが無効です|The sale button is disabled.|Die Verkaufsschaltfläche ist deaktiviert.|Le bouton de vente est désactivé.|출품 버튼이 비활성화되어 있습니다.|出售按钮不可用。|出售按鈕無法使用。
ClickMissing|出品ボタンの通常クリックイベントが見つかりません|The sale button’s normal click event was not found.|Das normale Klickereignis der Verkaufsschaltfläche wurde nicht gefunden.|L’événement de clic normal du bouton de vente est introuvable.|출품 버튼의 일반 클릭 이벤트를 찾지 못했습니다.|找不到出售按钮的普通点击事件。|找不到出售按鈕的一般點擊事件。
CommandHelp|リテイナー出品補助の設定。/retainerlisting stop で全操作を停止|Open Retainer Listing Helper settings. /retainerlisting stop stops all actions.|Einstellungen öffnen. /retainerlisting stop stoppt alle Aktionen.|Ouvrir les réglages. /retainerlisting stop arrête toutes les actions.|출품 보조 설정을 엽니다. /retainerlisting stop 으로 모든 작업을 중지합니다.|打开雇员出售助手设置。/retainerlisting stop 停止所有操作。|開啟雇員出售助手設定。/retainerlisting stop 停止所有操作。
RecallClosed|販売リストが閉じたため停止しました|Stopped because the sale list closed.|Gestoppt, da die Verkaufsliste geschlossen wurde.|Arrêt : la liste des ventes a été fermée.|판매 목록이 닫혀 중지했습니다.|出售列表已关闭，已停止。|出售清單已關閉，已停止。
ErrorStopped|エラーにより停止: {0}|Stopped due to an error: {0}|Wegen eines Fehlers gestoppt: {0}|Arrêt sur erreur : {0}|오류로 중지됨: {0}|因错误停止：{0}|因錯誤停止：{0}
ToPlayer|すべて所持品に戻す|Return all to inventory|Alles ins Inventar zurücknehmen|Tout retirer vers l’inventaire|모두 소지품으로 회수|全部取回物品栏|全部取回物品欄
ToRetainer|すべてリテイナーに戻す|Return all to retainer|Alles zum Gehilfen zurücknehmen|Tout retirer vers le servant|모두 집사에게 회수|全部取回雇员物品栏|全部取回雇員物品欄
ListingTab|連続出品|Batch listing|Serienverkauf|Vente en série|연속 출품|连续出售|連續出售
RecallTab|出品回収|Retrieve listings|Angebote zurücknehmen|Retirer les ventes|출품 회수|取回出售物品|取回出售物品
PositionHelp|販売リストの左下を基準に表示します。位置はXが右方向、Yが下方向です。待機秒数は各アイテムの回収完了後に適用します。|Position is relative to the sale list’s bottom-left corner. X moves right, Y moves down. The delay applies after each item is retrieved.|Position relativ zur linken unteren Ecke der Verkaufsliste. X verschiebt nach rechts, Y nach unten. Die Wartezeit gilt nach jeder Rücknahme.|Position relative au coin inférieur gauche de la liste des ventes. X va vers la droite, Y vers le bas. Le délai suit chaque retrait.|판매 목록의 왼쪽 아래를 기준으로 표시합니다. X는 오른쪽, Y는 아래 방향입니다. 대기 시간은 각 아이템 회수 완료 후 적용됩니다.|以出售列表左下角为基准。X向右，Y向下。每件物品取回完成后应用等待时间。|以出售清單左下角為基準。X向右，Y向下。每件物品取回完成後套用等待時間。
PlayerInventory|プレイヤーの所持品|Player inventory|Spielerinventar|Inventaire du joueur|플레이어 소지품|玩家物品栏|玩家物品欄
RetainerInventory|リテイナーの所持品|Retainer inventory|Gehilfeninventar|Inventaire du servant|집사 소지품|雇员物品栏|雇員物品欄
SpaceHelp|空き枠が1つ以上必要です。実行中は手動で所持品・出品を操作しないでください。読み込めない場合はリテイナーの所持品を一度開いてください。|At least one empty slot is required. Do not change inventory or listings manually while running. If unreadable, open the retainer inventory once.|Mindestens ein freier Platz ist nötig. Während der Ausführung Inventar und Angebote nicht manuell ändern. Bei Ladeproblemen das Gehilfeninventar einmal öffnen.|Un emplacement libre est nécessaire. Ne modifiez pas l’inventaire ou les ventes pendant l’exécution. Si la lecture échoue, ouvrez une fois l’inventaire du servant.|빈칸이 하나 이상 필요합니다. 실행 중에는 소지품이나 출품을 수동으로 조작하지 마세요. 읽지 못하면 집사 소지품을 한 번 열어 주세요.|至少需要一个空位。运行时请勿手动更改物品栏或出售列表。如无法读取，请打开一次雇员物品栏。|至少需要一個空位。執行時請勿手動變更物品欄或出售清單。如無法讀取，請開啟一次雇員物品欄。
StopRecall|回収を停止|Stop retrieval|Rücknahme stoppen|Arrêter le retrait|회수 중지|停止取回|停止取回
SupportTab|支援|Support|Unterstützung|Soutien|후원|支持|支持
Author|開発者: Roxyz0501|Developer: Roxyz0501|Entwickler: Roxyz0501|Développeur : Roxyz0501|개발자: Roxyz0501|开发者：Roxyz0501|開發者：Roxyz0501
SupportHelp|支援は任意です。すべての機能を支援なしで利用できます。|Support is optional. All features are available without donating.|Unterstützung ist freiwillig. Alle Funktionen sind ohne Spende verfügbar.|Le soutien est facultatif. Toutes les fonctions sont disponibles sans don.|후원은 선택 사항입니다. 후원 없이 모든 기능을 사용할 수 있습니다.|支持完全自愿，无需捐赠即可使用所有功能。|支持完全自願，無需捐款即可使用所有功能。
SupportLink|Ko-fiでRoxyz0501を支援|Support Roxyz0501 on Ko-fi|Roxyz0501 auf Ko-fi unterstützen|Soutenir Roxyz0501 sur Ko-fi|Ko-fi에서 Roxyz0501 후원|在Ko-fi支持Roxyz0501|在Ko-fi支持Roxyz0501
ShowButton|ボタンを表示|Show button|Schaltfläche anzeigen|Afficher le bouton|버튼 표시|显示按钮|顯示按鈕
RecallDelay|待機秒数|Delay in seconds|Wartezeit in Sekunden|Délai en secondes|대기 시간(초)|等待秒数|等待秒數
SecondsFormat|%.1f秒|%.1f s|%.1f s|%.1f s|%.1f초|%.1f秒|%.1f秒
Position|表示位置（X, Y）|Position (X, Y)|Position (X, Y)|Position (X, Y)|표시 위치(X, Y)|显示位置（X, Y）|顯示位置（X, Y）
Reset|初期値に戻す|Reset defaults|Standardwerte|Rétablir les valeurs|기본값으로 복원|恢复默认值|恢復預設值
ListingHelp|ログイン中に最後に出品を確定した単価で、同じ種類のアイテムを出品枠が埋まるまで出品します。価格はNQ/HQ共通です。|List matching items at the last unit price confirmed in this session until the sale slots are full. NQ and HQ share the price.|Gleiche Gegenstände zum zuletzt in dieser Sitzung bestätigten Stückpreis anbieten, bis alle Verkaufsplätze belegt sind. NQ und HQ teilen den Preis.|Vendez les objets identiques au dernier prix unitaire confirmé dans cette session, jusqu’à remplir les emplacements. Le prix est commun aux objets NQ et HQ.|현재 로그인 중 마지막으로 확정한 단가로 같은 종류의 아이템을 출품 슬롯이 찰 때까지 출품합니다. NQ/HQ 가격은 공통입니다.|以本次登录最后确认的单价连续出售同类物品，直到出售栏已满。NQ/HQ共用价格。|以本次登入最後確認的單價連續出售同類物品，直到出售欄已滿。NQ/HQ共用價格。
EnableShortcut|連続出品ショートカットを有効にする|Enable batch listing shortcut|Serienverkaufskürzel aktivieren|Activer le raccourci de vente en série|연속 출품 단축키 사용|启用连续出售快捷键|啟用連續出售快捷鍵
ShortcutKey|操作キー ＋ 右クリック|Modifier + right-click|Zusatztaste + Rechtsklick|Touche + clic droit|조작 키 + 우클릭|按键＋右键点击|按鍵＋右鍵點擊
RightAlt|右Alt|Right Alt|Rechte Alt-Taste|Alt droite|오른쪽 Alt|右Alt|右Alt
LeftAlt|左Alt|Left Alt|Linke Alt-Taste|Alt gauche|왼쪽 Alt|左Alt|左Alt
RightCtrl|右Ctrl|Right Ctrl|Rechte Strg-Taste|Ctrl droite|오른쪽 Ctrl|右Ctrl|右Ctrl
LeftCtrl|左Ctrl|Left Ctrl|Linke Strg-Taste|Ctrl gauche|왼쪽 Ctrl|左Ctrl|左Ctrl
RightShift|右Shift|Right Shift|Rechte Umschalttaste|Maj droite|오른쪽 Shift|右Shift|右Shift
LeftShift|左Shift|Left Shift|Linke Umschalttaste|Maj gauche|왼쪽 Shift|左Shift|左Shift
ListingDelay|出品ごとのディレイ|Delay between listings|Wartezeit zwischen Angeboten|Délai entre les ventes|출품 간 대기 시간|每次出售间隔|每次出售間隔
UseMarketbuddy|Marketbuddyの出品数量設定を参照する|Use Marketbuddy’s quantity setting|Mengeneinstellung von Marketbuddy verwenden|Utiliser la quantité de Marketbuddy|Marketbuddy의 출품 수량 설정 사용|使用Marketbuddy的出售数量设置|使用Marketbuddy的出售數量設定
QuantityLimit|標準の出品数量上限|Default quantity limit|Standard-Mengenlimit|Limite de quantité par défaut|기본 출품 수량 상한|默认出售数量上限|預設出售數量上限
QuantityHelp|Marketbuddyが有効で数量制限オンならその値、制限オフなら99個を使います。未導入・無効、または参照オフなら上の標準値を使います。数量は実行開始時に読み取ります。|When Marketbuddy is active, use its limit, or 99 if its limit is off. If absent, disabled, or this option is off, use the default above. The quantity is read when the batch starts.|Bei aktivem Marketbuddy gilt dessen Limit, sonst 99 ohne Begrenzung. Ist es nicht installiert, deaktiviert oder diese Option aus, gilt der obige Standardwert. Die Menge wird beim Start gelesen.|Si Marketbuddy est actif, sa limite est utilisée, ou 99 si la limite est désactivée. Sinon, ou si cette option est désactivée, la valeur ci-dessus s’applique. La quantité est lue au démarrage.|Marketbuddy가 활성화되고 수량 제한이 켜져 있으면 해당 값, 꺼져 있으면 99개를 사용합니다. 미설치·비활성화 또는 참조 해제 시 위 기본값을 사용합니다. 수량은 실행 시작 시 읽습니다.|Marketbuddy启用时使用其数量限制，限制关闭时为99。未安装、未启用或关闭此选项时使用上述默认值。开始运行时读取数量。|Marketbuddy啟用時使用其數量限制，限制關閉時為99。未安裝、未啟用或關閉此選項時使用上述預設值。開始執行時讀取數量。
PriceCount|記憶済みアイテム: {0}種類（ログアウトで消去）|Remembered prices: {0} item types (cleared on logout)|Gespeicherte Preise: {0} Gegenstandsarten (beim Abmelden gelöscht)|Prix mémorisés : {0} types d’objets (effacés à la déconnexion)|가격 기억: {0}종류 (로그아웃 시 삭제)|已记录价格：{0}种物品（登出后清除）|已記錄價格：{0}種物品（登出後清除）
QuantitySource|数量: {0}|Quantity: {0}|Menge: {0}|Quantité : {0}|수량: {0}|数量：{0}|數量：{0}
StopListing|連続出品を停止|Stop batch listing|Serienverkauf stoppen|Arrêter la vente en série|연속 출품 중지|停止连续出售|停止連續出售
ListingHint|価格履歴がなければ通常の操作で1回出品してください。プレイヤー側は所持品とアーマリーチェストを検索します。リテイナー側はその所持品を検索します。NQ/HQ両方が対象で、99個未満は端数、スタック不可は1個ずつ。他プラグインと重ならないキーを選んでください。|List an item manually once to remember its price. Player-side batches search inventory and the Armoury Chest; retainer-side batches search that retainer’s inventory. Both NQ/HQ are included. Partial stacks use the remainder; non-stackable items use one each. Choose a key that does not conflict with other plugins.|Für einen gespeicherten Preis zuerst einmal manuell anbieten. Spielerseitig werden Inventar und Arsenal-Schrank durchsucht, gehilfenseitig dessen Inventar. NQ/HQ sind enthalten. Reststapel werden vollständig, nicht stapelbare Gegenstände einzeln angeboten. Eine Taste ohne Konflikt mit anderen Plugins wählen.|Vendez d’abord un objet manuellement pour mémoriser son prix. Côté joueur, l’inventaire et l’arsenal sont parcourus ; côté servant, son inventaire. NQ/HQ sont inclus. Les piles partielles utilisent le reste, les objets non empilables sont vendus à l’unité. Évitez les raccourcis d’autres plugins.|가격 기록이 없으면 일반 조작으로 한 번 출품해 주세요. 플레이어 쪽은 소지품과 장비함, 집사 쪽은 해당 집사 소지품을 검색합니다. NQ/HQ 모두 대상이며 99개 미만은 남은 수량, 중첩 불가는 하나씩 출품합니다. 다른 플러그인과 겹치지 않는 키를 선택하세요.|没有价格记录时，请先手动出售一次。玩家侧搜索物品栏和兵装库，雇员侧搜索该雇员的物品栏。包含NQ/HQ；不足99个时出售剩余数量，不可堆叠物品逐个出售。请选择不与其他插件冲突的按键。|沒有價格記錄時，請先手動出售一次。玩家側搜尋物品欄和兵裝庫，雇員側搜尋該雇員的物品欄。包含NQ/HQ；不足99個時出售剩餘數量，不可堆疊物品逐個出售。請選擇不與其他外掛衝突的按鍵。
Idle|待機中|Idle|Bereit|En attente|대기 중|待命|待命
RecallPending|前回の回収処理の終了を待っています。しばらくしてから再実行してください|Waiting for the previous retrieval. Try again shortly.|Warte auf die vorherige Rücknahme. Bitte später erneut versuchen.|En attente du retrait précédent. Réessayez dans un instant.|이전 회수가 끝나기를 기다립니다. 잠시 후 다시 시도해 주세요.|正在等待上一次取回完成。请稍后重试。|正在等待上一次取回完成。請稍後重試。
NoListings|出品中のアイテムはありません|No items are listed for sale.|Es sind keine Gegenstände zum Verkauf angeboten.|Aucun objet n’est en vente.|출품 중인 아이템이 없습니다.|没有正在出售的物品。|沒有正在出售的物品。
RecallStart|回収開始を待機中|Waiting to start retrieval.|Warte auf den Start der Rücknahme.|En attente du début du retrait.|회수 시작 대기 중|等待开始取回。|等待開始取回。
Stopped|停止しました|Stopped.|Gestoppt.|Arrêté.|중지했습니다.|已停止。|已停止。
RecallSessionChanged|画面・キャラクター・リテイナーが変わったため停止しました|Stopped: window, character or retainer changed.|Gestoppt: Fenster, Charakter oder Gehilfe gewechselt.|Arrêt : changement de fenêtre, personnage ou servant.|창, 캐릭터 또는 집사가 바뀌어 중지했습니다.|窗口、角色或雇员已更改，已停止。|視窗、角色或雇員已變更，已停止。
RecallInterference|他のメニュー操作を検出したため停止しました|Stopped because another menu action was detected.|Wegen einer anderen Menüaktion gestoppt.|Arrêt : une autre action de menu a été détectée.|다른 메뉴 조작을 감지하여 중지했습니다.|检测到其他菜单操作，已停止。|偵測到其他選單操作，已停止。
MenuStockChanged|メニュー操作中に出品が変更されたため停止しました|Stopped: listings changed while the menu was open.|Gestoppt: Angebote bei geöffnetem Menü geändert.|Arrêt : les ventes ont changé pendant l’ouverture du menu.|메뉴 조작 중 출품이 변경되어 중지했습니다.|操作菜单时出售列表发生变化，已停止。|操作選單時出售清單發生變化，已停止。
RecallMenuTimeout|取り下げメニューを確認できず停止しました|Stopped: the retrieval menu could not be confirmed.|Gestoppt: Rücknahmemenü konnte nicht bestätigt werden.|Arrêt : le menu de retrait n’a pas pu être confirmé.|회수 메뉴를 확인하지 못해 중지했습니다.|无法确认取回菜单，已停止。|無法確認取回選單，已停止。
SpaceLost|移動先の空きがなくなったため停止しました|Stopped: the destination ran out of space.|Gestoppt: am Ziel ist kein Platz mehr frei.|Arrêt : plus de place à destination.|이동할 곳에 빈칸이 없어져 중지했습니다.|目标容器已无空位，已停止。|目標容器已無空位，已停止。
DestinationChanged|移動先が変更されたため停止しました|Stopped because the destination changed.|Wegen einer Änderung am Ziel gestoppt.|Arrêt : la destination a changé.|이동할 곳이 변경되어 중지했습니다.|目标容器已更改，已停止。|目標容器已變更，已停止。
RecallProgress|{0}件回収済み / 残り{1}件|{0} retrieved / {1} remaining|{0} zurückgenommen / {1} verbleibend|{0} retirés / {1} restants|{0}건 회수 완료 / {1}건 남음|已取回{0}笔 / 剩余{1}笔|已取回{0}筆 / 剩餘{1}筆
RecallDone|完了: {0}件を回収しました|Complete: {0} listings retrieved.|Fertig: {0} Angebote zurückgenommen.|Terminé : {0} ventes retirées.|완료: {0}건 회수했습니다.|完成：已取回{0}笔。|完成：已取回{0}筆。
RecallUnexpected|出品内容の変更を検出したため停止しました|Stopped after detecting a listing change.|Nach einer erkannten Angebotsänderung gestoppt.|Arrêt après détection d’une modification des ventes.|출품 내용 변경을 감지하여 중지했습니다.|检测到出售内容变化，已停止。|偵測到出售內容變化，已停止。
RecallTimeout|回収結果を確認できず停止しました。自動再試行はしません|Stopped: retrieval was not confirmed. No automatic retry.|Gestoppt: Rücknahme nicht bestätigt. Kein automatischer Wiederholungsversuch.|Arrêt : retrait non confirmé. Aucun nouvel essai automatique.|회수 결과를 확인하지 못해 중지했습니다. 자동으로 재시도하지 않습니다.|无法确认取回结果，已停止。不会自动重试。|無法確認取回結果，已停止。不會自動重試。
RecallStockChanged|出品内容が変更されたため停止しました|Stopped because listings changed.|Wegen geänderter Angebote gestoppt.|Arrêt : les ventes ont changé.|출품 내용이 변경되어 중지했습니다.|出售内容已更改，已停止。|出售內容已變更，已停止。
NoDestination|移動先に空き枠がないか、所持品を読み込めないため停止しました|Stopped: no empty destination slot, or inventory could not be read.|Gestoppt: kein freier Zielplatz oder Inventar nicht lesbar.|Arrêt : aucun emplacement libre ou inventaire illisible.|이동할 곳에 빈칸이 없거나 소지품을 읽지 못해 중지했습니다.|目标没有空位或无法读取物品栏，已停止。|目標沒有空位或無法讀取物品欄，已停止。
DestinationUnreadable|移動先の所持品を読み込めません|Could not read the destination inventory.|Das Zielinventar konnte nicht gelesen werden.|Impossible de lire l’inventaire de destination.|이동할 곳의 소지품을 읽지 못했습니다.|无法读取目标物品栏。|無法讀取目標物品欄。
RecallMenuProgress|取り下げメニューを操作中（{0}件完了）|Opening retrieval menu ({0} complete)|Rücknahmemenü wird bedient ({0} fertig)|Ouverture du menu de retrait ({0} terminés)|회수 메뉴 조작 중 ({0}건 완료)|正在操作取回菜单（已完成{0}笔）|正在操作取回選單（已完成{0}筆）
UnexpectedError|予期しないエラーです。詳細はログを確認してください|Unexpected error. Check the log for details.|Unerwarteter Fehler. Details stehen im Protokoll.|Erreur inattendue. Consultez le journal pour les détails.|예기치 않은 오류입니다. 자세한 내용은 로그를 확인해 주세요.|发生意外错误。详情请查看日志。|發生非預期錯誤。詳情請查看記錄。
